{
  "benchmark_name": "performance_benchmarks",
  "timestamp": "2025-06-07T17:05:16.590125",
  "task_completion": {
    "total_tasks": 10,
    "completed_tasks": 0,
    "success_rate": 0.0,
    "avg_completion_time": 1.5115737915039062e-05,
    "failure_reasons": []
  },
  "performance": {
    "execution_time": 17.3418390750885,
    "memory_usage_mb": 0,
    "cpu_usage_percent": 0.0,
    "tokens_per_second": null
  },
  "quality": {
    "output_correctness": 0.0,
    "coherence_score": 1.0,
    "relevance_score": 0.0,
    "hallucination_rate": 0.0
  },
  "metadata": {
    "agent_creation_times": [
      4.076957702636719e-05,
      2.86102294921875e-05,
      1.2159347534179688e-05,
      1.0013580322265625e-05,
      1.0251998901367188e-05,
      9.775161743164062e-06,
      9.298324584960938e-06,
      9.775161743164062e-06,
      1.049041748046875e-05,
      1.0013580322265625e-05
    ],
    "avg_creation_time": 1.5115737915039062e-05
  }
}